run_id,take1_input,take2_input,take3_input,mortality_input
1,0.705844720768625,0.019918861754723,0.986637224315255,1.08097700505999
2,0.580592129348427,0.00932830077094322,0.972749262015261,1.03812481789715
3,0.623524074922229,0.0129562024963473,0.977509540703581,0.999904140400071
4,0.652539781041038,0.0154099280332655,0.980726791764948,0.929625148142097
5,0.673356445537358,0.0171706443715014,0.983034936039318,0.96920870408675
